country,region,population,area
Cook Islands,Oceania,15040,236.0
Guinea,Africa,14363931,245857.0
Christmas Island,Oceania,1692,135.0
Togo,Africa,8095498,56785.0
Taiwan,Asia,23317031,36197.0
Kyrgyzstan,Asia,7281800,199951.0
Suriname,Americas,616500,163820.0
Dominican Republic,Americas,10771504,48671.0
Guatemala,Americas,18079810,108889.0
Algeria,Africa,47400000,2381741.0
Ukraine,Europe,32862000,603550.0
Saint Kitts and Nevis,Americas,51320,261.0
Croatia,Europe,3866233,56594.0
Equatorial Guinea,Africa,1668768,28051.0
Panama,Americas,4064780,75417.0
Belgium,Europe,11825551,30528.0
Bouvet Island,Antarctic,0,49.0
Rwanda,Africa,14104969,26338.0
French Southern and Antarctic Lands,Antarctic,400,7747.0
Cape Verde,Africa,491233,4033.0
South Korea,Asia,51159889,100210.0
Guam,Oceania,153836,549.0
Andorra,Europe,88406,468.0
Senegal,Africa,18593258,196722.0
Uruguay,Americas,3499451,181034.0
Republic of the Congo,Africa,6142180,342000.0
Namibia,Africa,3022401,825615.0
Singapore,Asia,6110200,710.0
Finland,Europe,5650325,338455.0
Egypt,Africa,107271260,1002450.0
Palau,Oceania,16733,459.0
American Samoa,Oceania,49710,199.0
Antigua and Barbuda,Americas,103603,442.0
Seychelles,Africa,122729,452.0
Kuwait,Asia,4881254,17818.0
Greece,Europe,10400720,131990.0
Kiribati,Oceania,120740,811.0
Cyprus,Europe,1442614,9251.0
Mali,Africa,22395489,1240192.0
Bermuda,Americas,64055,54.0
Greenland,Americas,56542,2166086.0
Eritrea,Africa,3607000,117600.0
Tanzania,Africa,68153004,947303.0
Vietnam,Asia,101343800,331212.0
Chad,Africa,19340757,1284000.0
Ivory Coast,Africa,31719275,322463.0
Georgia,Asia,4000921,69700.0
Isle of Man,Europe,84530,572.0
South Georgia,Antarctic,0,3903.0
Bolivia,Americas,11365333,1098581.0
United States Minor Outlying Islands,Americas,0,34.2
Denmark,Europe,6011488,43094.0
Turkmenistan,Asia,7057841,488100.0
Niger,Africa,26312034,1267000.0
Micronesia,Oceania,105564,702.0
Jersey,Europe,103267,116.0
Cayman Islands,Americas,84738,264.0
Liechtenstein,Europe,40900,160.0
Bosnia and Herzegovina,Europe,3422000,51209.0
France,Europe,66351959,543908.0
French Polynesia,Oceania,279500,4167.0
Kazakhstan,Asia,20426568,2724900.0
Angola,Africa,36170961,1246700.0
New Zealand,Oceania,5324700,268838.0
Puerto Rico,Americas,3203295,8870.0
Saudi Arabia,Asia,35300280,2149690.0
Montenegro,Europe,623327,13812.0
South Africa,Africa,63100945,1221037.0
Pakistan,Asia,241499431,796095.0
Sri Lanka,Asia,21763170,65610.0
Cameroon,Africa,29442327,475442.0
Guernsey,Europe,64781,78.0
Liberia,Africa,5248621,111369.0
United Arab Emirates,Asia,11294243,83600.0
Switzerland,Europe,9082848,41284.0
Hungary,Europe,9539502,93028.0
Libya,Africa,7459000,1759540.0
Vanuatu,Oceania,321409,12189.0
Wallis and Futuna,Oceania,11620,142.0
Saint Lucia,Americas,184100,616.0
Central African Republic,Africa,6470307,622984.0
Tajikistan,Asia,10499000,143100.0
Ireland,Europe,5458600,70273.0
New Caledonia,Oceania,264596,18575.0
Yemen,Asia,32684503,527968.0
Faroe Islands,Europe,54885,1393.0
Cuba,Americas,9748007,109884.0
Azerbaijan,Asia,10241722,86600.0
Solomon Islands,Oceania,750325,28896.0
Jamaica,Americas,2825544,10991.0
Morocco,Africa,36828330,446550.0
Trinidad and Tobago,Americas,1367764,5130.0
Mayotte,Africa,320901,374.0
Niue,Oceania,1681,260.0
Belize,Americas,417634,22966.0
China,Asia,1408280000,9706961.0
Samoa,Oceania,205557,2842.0
British Virgin Islands,Americas,39471,151.0
Sudan,Africa,51662000,1886068.0
Norfolk Island,Oceania,2188,36.0
Slovakia,Europe,5413813,49037.0
Burundi,Africa,12332788,27834.0
Marshall Islands,Oceania,42418,181.0
Austria,Europe,9200931,83871.0
Mozambique,Africa,34090466,801590.0
Saint Vincent and the Grenadines,Americas,110872,389.0
Papua New Guinea,Oceania,11781559,462840.0
Turkey,Asia,85664944,783562.0
Kosovo,Europe,1585566,10908.0
Grenada,Americas,109021,344.0
Cambodia,Asia,17577760,181035.0
Portugal,Europe,10749635,92090.0
United Kingdom,Europe,69281437,244376.0
Nigeria,Africa,223800000,923768.0
Anguilla,Americas,16010,91.0
Northern Mariana Islands,Oceania,47329,464.0
Israel,Asia,10134800,21937.0
French Guiana,Americas,292354,83534.0
Lebanon,Asia,5490000,10452.0
Japan,Asia,123210000,377930.0
Gambia,Africa,2422712,10689.0
Saint Martin,Americas,31496,53.0
Guinea-Bissau,Africa,1781308,36125.0
Laos,Asia,7647000,236800.0
North Macedonia,Europe,1822612,25713.0
Qatar,Asia,3173024,11586.0
Zambia,Africa,19693423,752612.0
Barbados,Americas,267800,430.0
Vatican City,Europe,882,0.49
Italy,Europe,58927633,301336.0
Comoros,Africa,919901,1862.0
Albania,Europe,2363314,28748.0
Gibraltar,Europe,38000,6.0
Mongolia,Asia,3544835,1564110.0
Tonga,Oceania,100179,747.0
Madagascar,Africa,31727042,587041.0
Saint Pierre and Miquelon,Americas,5819,242.0
"Saint Helena, Ascension and Tristan da Cunha",Africa,5651,394.0
Monaco,Europe,38423,2.02
Brazil,Americas,213421037,8515767.0
Australia,Oceania,27536874,7692024.0
Guyana,Americas,772975,214969.0
Slovenia,Europe,2130638,20273.0
San Marino,Europe,34132,61.0
Tokelau,Oceania,2608,12.0
Palestine,Asia,5483450,6220.0
Bhutan,Asia,784043,38394.0
Sint Maarten,Americas,41349,34.0
Philippines,Asia,114123600,342353.0
Chile,Americas,20206953,756102.0
Martinique,Americas,349925,1128.0
Haiti,Americas,11867032,27750.0
Heard Island and McDonald Islands,Antarctic,0,412.0
Antarctica,Antarctic,1300,14000000.0
São Tomé and Príncipe,Africa,209607,964.0
Macau,Asia,685900,30.0
Mauritius,Africa,1243741,2040.0
Bahrain,Asia,1594654,765.0
Mexico,Americas,130575786,1964375.0
Pitcairn Islands,Oceania,35,47.0
Argentina,Americas,46735004,2780400.0
Nepal,Asia,29911840,147181.0
Sweden,Europe,10605098,450295.0
Sierra Leone,Africa,9077691,71740.0
Eswatini,Africa,1235549,17364.0
Spain,Europe,49315949,505992.0
Colombia,Americas,53057212,1141748.0
Turks and Caicos Islands,Americas,50828,948.0
Djibouti,Africa,1066809,23200.0
Nauru,Oceania,11680,21.0
El Salvador,Americas,6029976,21041.0
Åland Islands,Europe,30654,1580.0
Guadeloupe,Americas,378561,1628.0
Honduras,Americas,9892632,112492.0
Kenya,Africa,53330978,580367.0
Malta,Europe,574250,316.0
Latvia,Europe,1829000,64559.0
Gabon,Africa,2469296,267668.0
Hong Kong,Asia,7527500,1104.0
Svalbard and Jan Mayen,Europe,2530,61399.0
Tuvalu,Oceania,10643,26.0
Timor-Leste,Asia,1391221,14874.0
Western Sahara,Africa,600904,266000.0
Lesotho,Africa,2116427,30355.0
United States,Americas,340110988,9525067.0
Thailand,Asia,65859640,513120.0
British Indian Ocean Territory,Africa,0,60.0
India,Asia,1417492000,3287263.0
Lithuania,Europe,2894886,65300.0
Montserrat,Americas,4386,102.0
Zimbabwe,Africa,17073087,390757.0
Falkland Islands,Americas,3662,12173.0
Maldives,Asia,515132,300.0
Tunisia,Africa,11972169,163610.0
Estonia,Europe,1369995,45227.0
Bangladesh,Asia,169828911,147570.0
Uzbekistan,Asia,37859698,447400.0
Ghana,Africa,33742380,238533.0
Norway,Europe,5606944,386224.0
Somalia,Africa,19655000,637657.0
Bahamas,Americas,398165,13943.0
Oman,Asia,5343630,309500.0
Luxembourg,Europe,681973,2586.0
Iraq,Asia,46118793,438317.0
United States Virgin Islands,Americas,87146,347.0
Mauritania,Africa,4927532,1030700.0
Canada,Americas,41651653,9984670.0
Myanmar,Asia,51316756,676578.0
Malaysia,Asia,34231700,330803.0
Cocos (Keeling) Islands,Oceania,593,14.0
Caribbean Netherlands,Americas,31980,328.0
Uganda,Africa,45905417,241550.0
Iran,Asia,85961000,1648195.0
Curaçao,Americas,156115,444.0
Romania,Europe,19036031,238391.0
Syria,Asia,25620000,185180.0
Fiji,Oceania,900869,18272.0
Aruba,Americas,107566,180.0
Netherlands,Europe,18100436,41865.0
Peru,Americas,34350244,1285216.0
Réunion,Africa,896175,2511.0
Botswana,Africa,2359609,582000.0
Afghanistan,Asia,43844000,652230.0
Serbia,Europe,6567783,77589.0
Czechia,Europe,10882341,78865.0
Dominica,Americas,67408,751.0
Poland,Europe,37392000,312679.0
Benin,Africa,13224860,112622.0
Moldova,Europe,2749076,33847.0
Russia,Europe,146028325,17098246.0
Saint Barthélemy,Americas,10562,21.0
Indonesia,Asia,284438782,1904569.0
Nicaragua,Americas,6803886,130373.0
Armenia,Asia,3076200,29743.0
Belarus,Europe,9109280,207600.0
Ethiopia,Africa,111652998,1104300.0
Costa Rica,Americas,5309625,51100.0
Jordan,Asia,11734000,89342.0
Germany,Europe,83491249,357114.0
Ecuador,Americas,18103660,276841.0
North Korea,Asia,25950000,120538.0
Iceland,Europe,391810,103000.0
South Sudan,Africa,15786898,619745.0
Malawi,Africa,20734262,118484.0
Burkina Faso,Africa,24070553,272967.0
DR Congo,Africa,112832000,2344858.0
Venezuela,Americas,28517000,916445.0
Brunei,Asia,455500,5765.0
Paraguay,Americas,6109644,406752.0
Bulgaria,Europe,6437360,110879.0
